{"metadata":{"asset_id":"4ca9b676-dadb-4680-b806-4e13da29401d","asset_attributes":["data_asset","dataview_visualization"],"name":"data2.csv","asset_type":"data_asset","created_at":"2023-10-31T16:05:30Z","origin_country":"us","owner_id":"IBMid-6950006IZM","project_id":"d6194c26-0d3b-4baf-9fd0-ef05609ef203","size":205877,"usage":{"last_update_time":1698843028044,"last_updated_at":"2023-11-01T12:50:28Z"}},"entity":{"data_asset":{"mime_type":"text/csv","dataset":false},"location_definition":{"physical_location_code_assignment_method":"INFERRED","physical_location_code":"LON","physical_location_code_assigned_by":"IBMid-6950006IZM","physical_location_code_added_on":"1698768331144","physical_location_code_rds_version":"00002023-1031-4160-8245-024942000000_4","physical_location_code_rds_id":"c57cb90f-2126-3800-9c9f-9eab82021cdf"},"dataview_visualization":{"jobs":{"b46a409b-fb3d-484d-9c99-a7dc8162385c":{"job_type":"profile","execution":{"status":"completed","last_updated_at":"2023-11-01T12:50:27.925840Z","last_update_time":1698843027925},"resultAttachmentNames":["viz_job_b46a409b-fb3d-484d-9c99-a7dc8162385c_0.json"]}}}},"attachments":[{"id":"32c7104e-5d13-4c7b-97e0-ce4f62fcd603","version":2,"asset_type":"data_asset","name":"data2.csv","mime":"text/csv","datasource_type":"193a97c1-4475-4a19-b90c-295c4fdc6517","object_key":"data2.csv","creator_id":"IBMid-6950006IZM","create_time":1698768331145,"size":205875,"is_remote":false,"is_managed":false,"is_referenced":true,"is_object_key_read_only":true,"is_user_provided_path_key":true,"transfer_complete":true,"is_partitioned":false,"complete_time_ticks":1698768331145,"user_data":{},"test_doc":0,"handle":{"bucket":"bigdataanalysis-donotdelete-pr-z88hm1gbjbxuit","location":"eu-gb","type":"bluemix_cos","key":"data2.csv","upload_id":"done","max_part_num":1},"usage":{"access_count":1,"last_accessor_id":"IBMid-6950006IZM","last_access_time":1698768527697,"last_updater_id":"IBMid-6950006IZM","last_update_time":1698768527697}},{"id":"a342c212-55d9-4e4f-9d33-8bd39c76f8d2","version":2,"asset_type":"dataview_visualization","name":"viz_job_b46a409b-fb3d-484d-9c99-a7dc8162385c_0.json","mime":"application/json","datasource_type":"193a97c1-4475-4a19-b90c-295c4fdc6517","object_key":"viz_job_b46a409b-fb3d-484d-9c99-a7dc8162385c_0.json","creator_id":"IBMid-6950006IZM","create_time":1698843017189,"size":2,"is_remote":false,"is_managed":false,"is_referenced":true,"is_object_key_read_only":false,"is_user_provided_path_key":true,"transfer_complete":true,"is_partitioned":false,"complete_time_ticks":1698843017189,"user_data":{},"test_doc":0,"handle":{"bucket":"bigdataanalysis-donotdelete-pr-z88hm1gbjbxuit","location":"eu-gb","type":"bluemix_cos","key":"viz_job_b46a409b-fb3d-484d-9c99-a7dc8162385c_0.json","upload_id":"done","max_part_num":1},"usage":{"access_count":0,"last_accessor_id":"IBMid-6950006IZM","last_access_time":1698843017189}}]}
