{"metadata":{"asset_id":"820aea3d-19b7-4b17-953c-cc3dc7bdfd09","asset_attributes":["notebook"],"name":"BigData","asset_type":"notebook","created_at":"2023-10-31T16:02:40Z","description":"To create graphs and data for the datasets","origin_country":"us","owner_id":"IBMid-6950006IZM","project_id":"d6194c26-0d3b-4baf-9fd0-ef05609ef203","size":426726,"tags":["notebook"],"usage":{"last_update_time":1698864749028,"last_updated_at":"2023-11-01T18:52:29Z"}},"entity":{"notebook":{"kernel":{"name":"python3","display_name":"Python 3.10","language":"python"},"originates_from":{"type":"blank"},"runtime":{"environment":"rt222pys1-d6194c26-0d3b-4baf-9fd0-ef05609ef203"}},"location_definition":{"physical_location_code":"LON","physical_location_code_assigned_by":"IBMid-6950006IZM","physical_location_code_rds_id":"c57cb90f-2126-3800-9c9f-9eab82021cdf","physical_location_code_rds_version":"00002023-1031-4160-8245-024942000000_4","physical_location_code_assignment_method":"INFERRED","physical_location_code_added_on":"1698768168209"}},"attachments":[{"id":"5342d871-1d96-483e-b9d9-f3bee4fa309d","version":2,"asset_type":"notebook","name":"attachment for notebook 820aea3d-19b7-4b17-953c-cc3dc7bdfd09","description":"attachment for notebook 820aea3d-19b7-4b17-953c-cc3dc7bdfd09","mime":"application/json","datasource_type":"193a97c1-4475-4a19-b90c-295c4fdc6517","object_key":"notebook/BigData_fAduqHfIL.ipynb","creator_id":"IBMid-6950006IZM","create_time":1698768168213,"size":426726,"is_remote":false,"is_managed":false,"is_referenced":true,"is_object_key_read_only":false,"is_user_provided_path_key":true,"transfer_complete":true,"is_partitioned":false,"complete_time_ticks":1698768168213,"user_data":{},"test_doc":0,"handle":{"bucket":"bigdataanalysis-donotdelete-pr-z88hm1gbjbxuit","location":"eu-gb","type":"bluemix_cos","key":"notebook/BigData_fAduqHfIL.ipynb","upload_id":"done","max_part_num":1},"usage":{"access_count":50,"last_accessor_id":"IBMid-6950006IZM","last_access_time":1698846726417,"last_updater_id":"IBMid-6950006IZM","last_update_time":1698846726417}}]}
